condition,model,seed,epoch,validation_accuracy,test_accuracy,test_loss,test_errors
baseline,softmax,42,28,0.8548,0.8446,0.4438663344079371,1554
baseline,softmax,43,28,0.856,0.8425,0.4451187169720313,1575
baseline,softmax,44,30,0.8543,0.8429,0.4432923586398374,1571
baseline,linear2,42,14,0.8554,0.8432,0.44282508709548857,1568
baseline,linear2,43,20,0.8548,0.8449,0.43963705874373954,1551
baseline,linear2,44,25,0.8536,0.8409,0.4425838390947938,1591
baseline,mlp,42,30,0.8914,0.8822,0.3284973388963318,1178
baseline,mlp,43,24,0.8914,0.8792,0.3315148482419759,1208
baseline,mlp,44,28,0.8924,0.8831,0.3251639399819306,1169
diagnosis,linear2,42,25,0.8581,0.8438,0.4390093675346685,1562
diagnosis,linear2,43,27,0.8578,0.8449,0.4401920722434193,1551
diagnosis,linear2,44,29,0.8544,0.8422,0.4411823434901131,1578
