parameter,index,analytic,numerical,absolute_error,relative_error,status
W1,"509,7",0.024008972569498535,0.02400897256560341,3.895123806829659e-12,8.11180860794948e-11,passed
W1,"15,5",0.048761366234874454,0.04876136623366278,1.2116765923941841e-12,1.242455540081483e-11,passed
W1,"216,3",-0.08035876298833697,-0.08035876297718403,1.115293968290132e-11,6.939467003302414e-11,passed
W1,"363,4",0.0,0.0,0.0,0.0,passed
W1,"459,4",0.035526134500357166,0.03552613450086284,5.056718932472393e-13,7.116899999893834e-12,passed
W1,"329,1",0.13314162144768824,0.1331416214611636,1.3475359716963453e-11,5.0605361305352726e-11,passed
W1,"353,4",0.02513022341059529,0.02513022339112325,1.947204203434083e-11,3.8742278020646306e-10,passed
W1,"662,7",0.0,0.0,0.0,0.0,passed
W1,"394,7",0.0,0.0,0.0,0.0,passed
W1,"175,7",0.0,0.0,0.0,0.0,passed
W1,"297,5",0.030450712146255825,0.030450712151797173,5.541348629956033e-12,9.098881830475004e-11,passed
W1,"588,6",0.0,0.0,0.0,0.0,passed
W1,"214,4",-0.013746863913863578,-0.013746863913866035,2.456368441983159e-15,8.934286603018292e-14,passed
W1,"755,2",0.0,0.0,0.0,0.0,passed
W1,"451,3",0.005215239726476146,0.005215239706757302,1.9718843745353265e-11,1.890502145330478e-09,passed
W1,"34,1",0.0,0.0,0.0,0.0,passed
W1,"206,4",-0.01746839060877692,-0.017468390600683392,8.093529318964343e-12,2.3166213482691267e-10,passed
W1,"656,5",-0.022524956664687013,-0.02252495665544529,9.24172197103168e-12,2.0514405666795495e-10,passed
W1,"501,0",-0.0386941597315613,-0.03869415974300239,1.1441084191154971e-11,1.478399359080988e-10,passed
W1,"313,6",0.0,0.0,0.0,0.0,passed
b1,2,0.0708356479499937,0.0708356479695027,1.9509005522166945e-11,1.3770612738132065e-10,passed
b1,1,0.18176738084127242,0.18176738083575114,5.521277879338982e-12,1.518775770952069e-11,passed
b1,3,-0.0004222378849178879,-0.0004222378890972322,4.179344316370542e-12,4.9490399191673105e-09,passed
b1,0,-0.001665894512410962,-0.001665894511226895,1.1840669503909718e-12,3.5538473234362627e-10,passed
b1,4,0.043621539173631506,0.043621539180804796,7.1732897399812146e-12,8.222187794473272e-11,passed
b1,7,0.025723899181605572,0.025723899188534457,6.928884549450842e-12,1.3467796035898636e-10,passed
b1,6,0.0,0.0,0.0,0.0,passed
b1,5,0.08341623352762129,0.08341623352059457,7.026712545155078e-12,4.2118375814249063e-11,passed
W2,"5,3",-0.16280334496433307,-0.1628033449607713,3.561761996451196e-12,1.0938847716152477e-11,passed
W2,"5,0",0.05325415770950255,0.05325415770585095,3.651599855825083e-12,3.4284645678460275e-11,passed
W2,"5,7",0.049299222705093675,0.04929922270413555,9.5812247025151e-13,9.717419643634927e-12,passed
W2,"4,7",0.00122821530856372,0.001228215307236269,1.3274511698191382e-12,5.4039839809879e-10,passed
W2,"0,9",0.007617543392790553,0.007617543396065684,3.275131034430334e-12,2.14972916125817e-10,passed
W2,"7,7",0.0034658366183441675,0.003465836617699835,6.443322438098864e-13,9.295479199155315e-11,passed
W2,"3,9",0.020380392493500005,0.02038039248475343,8.746576379836668e-12,2.1458311915492095e-10,passed
W2,"4,3",0.002695561165875993,0.002695561152066261,1.3809732003766673e-11,2.561569036897262e-09,passed
W2,"4,0",0.0019527382013051168,0.0019527382155715143,1.4266397525136698e-11,3.652921181008211e-09,passed
W2,"4,2",0.0019530873118577745,0.0019530873140993774,2.2416029536037607e-12,5.738614292120871e-10,passed
W2,"0,3",0.0006770799163439886,0.0006770799254596226,9.115634028861175e-12,6.731579055482862e-09,passed
W2,"1,0",0.016397666278844134,0.016397666291467772,1.2623638245834456e-11,3.8492179394033804e-10,passed
W2,"0,8",0.005385179299149966,0.005385179302486164,3.3361985049551457e-12,3.097574211176536e-10,passed
W2,"0,6",0.0064627166974002385,0.006462716695132541,2.2676973146507073e-12,1.7544458632704652e-10,passed
W2,"2,0",0.00011125085454449286,0.00011125085297436498,1.5701278845885527e-12,7.056700382649776e-09,passed
W2,"6,4",0.0,0.0,0.0,0.0,passed
W2,"0,7",0.003234476640746979,0.0032344766420777655,1.3307866093825726e-12,2.057190013902016e-10,passed
W2,"4,9",0.0026227114539781244,0.002622711448019288,5.9588362889828606e-12,1.136006838783921e-09,passed
W2,"3,3",0.013670812237739811,0.013670812260002661,2.2262849549981034e-11,8.142475057332171e-10,passed
W2,"2,2",-0.0010933469965537228,-0.0010933469907214999,5.832222942439569e-12,2.667141802363913e-09,passed
b2,2,-0.15397718812839772,-0.15397718813314754,4.749811655102576e-12,1.5423751117823268e-11,passed
b2,5,-0.17657376546946044,-0.17657376545354705,1.591338172346468e-11,4.506156869304032e-11,passed
b2,8,0.11840185938602722,0.11840185938361002,2.4172053247895064e-12,1.0207632453360941e-11,passed
b2,0,0.09108983340184817,0.09108983338723674,1.4611437060274568e-11,8.020344595970023e-11,passed
b2,6,0.11761597968538809,0.11761597968895642,3.568326190084292e-12,1.516939364691391e-11,passed
b2,7,0.07641741674902652,0.07641741675001867,9.921508059562711e-13,6.491653658015529e-12,passed
b2,4,0.0821592073083119,0.08215920728193993,2.637197404897762e-11,1.6049311402340012e-10,passed
b2,9,0.10802007811997827,0.10802007812671376,6.735487168008092e-12,3.117701488938459e-11,passed
b2,1,-0.1798527491105937,-0.17985274909371182,1.6881884778996437e-11,4.693251802731095e-11,passed
b2,3,-0.08330067194212831,-0.08330067196027358,1.8145263069868633e-11,1.089142659047124e-10,passed
