class_id,class_name,softmax_recall_mean,softmax_recall_sample_std,linear2_recall_mean,linear2_recall_sample_std,mlp_recall_mean,mlp_recall_sample_std
0,短袖上衣,0.7993333333333333,0.019857828011475263,0.8106666666666668,0.002516611478423534,0.8413333333333334,0.025716402029314505
1,长裤,0.956,0.005291502622129186,0.96,0.001732050807568879,0.9686666666666666,0.001527525231651948
2,套衫,0.7266666666666666,0.03156474826976029,0.749,0.017088007490635077,0.7723333333333334,0.033709543653590676
3,连衣裙,0.8666666666666667,0.006506407098647717,0.862,0.008888194417315597,0.9036666666666667,0.014843629385474892
4,外套,0.7640000000000001,0.02685144316419513,0.707,0.026229754097207965,0.8096666666666666,0.04669403959107984
5,凉鞋,0.9273333333333333,0.0020816659994661348,0.9203333333333333,0.009073771725877474,0.9516666666666667,0.005507570547286107
6,衬衫,0.5786666666666666,0.00763762615825974,0.5933333333333333,0.028041635710730768,0.6960000000000001,0.01014889156509217
7,运动鞋,0.9209999999999999,0.0050000000000000044,0.9313333333333333,0.017559422921421194,0.9536666666666666,0.013576941236277546
8,包,0.9443333333333332,0.0011547005383792527,0.9463333333333334,0.004618802153517011,0.9613333333333333,0.0023094010767585054
9,短靴,0.9493333333333333,0.0050332229568471705,0.9500000000000001,0.008660254037844393,0.9566666666666667,0.007505553499465142
