epoch,train_loss,train_accuracy,val_loss,val_accuracy,train_samples,val_samples,epoch_seconds,train_eval_loss,train_eval_accuracy,train_eval_samples
1,0.6153644850826263,0.7873,0.538222282075882,0.8137,50000,10000,0.3782282909960486,0.5277449108314514,0.81748,50000
2,0.4735488682460785,0.83684,0.44985402460098267,0.8463,50000,10000,0.367735999985598,0.43886126517295837,0.85024,50000
3,0.44774526185035707,0.84426,0.45665280885696413,0.8386,50000,10000,0.41871625001658686,0.44036577062606813,0.84524,50000
4,0.43533665580749514,0.84924,0.44675268659591677,0.8468,50000,10000,0.40892487499513663,0.4295772756767273,0.8519,50000
5,0.4307196107053757,0.84986,0.43622618384361267,0.8482,50000,10000,0.36589062499115244,0.41468840581893923,0.85524,50000
6,0.4223274154472351,0.85436,0.4301145615577698,0.8488,50000,10000,0.36468845800845884,0.40746959460258486,0.85946,50000
7,0.4142564454174042,0.85642,0.43580511045455933,0.8499,50000,10000,0.3576222920091823,0.407909990978241,0.85898,50000
8,0.410749045009613,0.85572,0.42790469822883603,0.8499,50000,10000,0.356703416997334,0.40111013696670533,0.86066,50000
9,0.40584835857391355,0.8583,0.43202298579216003,0.8461,50000,10000,0.36279195800307207,0.40104576661109925,0.85888,50000
10,0.4038417852497101,0.86016,0.4203130055904388,0.8523,50000,10000,0.3665259160043206,0.3899723004245758,0.86442,50000
11,0.4013724178409576,0.85978,0.42821836681365966,0.8533,50000,10000,0.3616889999830164,0.3987414543533325,0.86156,50000
12,0.39871284366130827,0.86054,0.426611491060257,0.852,50000,10000,0.360721500008367,0.3924815299892426,0.86538,50000
13,0.39537862052917483,0.86136,0.43304186506271364,0.846,50000,10000,0.3571443750115577,0.3947172960662842,0.86012,50000
14,0.3933211368942261,0.86286,0.4410168748855591,0.8461,50000,10000,0.3611919590039179,0.4019815106010437,0.85788,50000
15,0.39647067421913146,0.86048,0.42259980120658874,0.8523,50000,10000,0.3692009579972364,0.38325016798019407,0.8654,50000
16,0.3943749745750427,0.86124,0.43300726313591004,0.8475,50000,10000,0.3659458340262063,0.3932584109020233,0.86206,50000
17,0.3911619585609436,0.86434,0.4415182677268982,0.8449,50000,10000,0.36561570802587084,0.39622053961753845,0.86072,50000
18,0.38801128191947937,0.86532,0.4219956722736359,0.8495,50000,10000,0.3607055830070749,0.3795821542263031,0.86792,50000
19,0.38835143098831176,0.86422,0.43082497777938844,0.8519,50000,10000,0.3607043749943841,0.3859984641647339,0.86616,50000
20,0.3897727665138245,0.86314,0.42296239252090456,0.8546,50000,10000,0.36771579200285487,0.3788837594795227,0.86792,50000
21,0.3840434924507141,0.86624,0.42038300213813784,0.8541,50000,10000,0.36231579098966904,0.3732324396896362,0.86864,50000
22,0.3846981817817688,0.86504,0.41846115260124206,0.8553,50000,10000,0.36353237502044067,0.3709040192222595,0.87144,50000
23,0.3833227816390991,0.86414,0.4285303231239319,0.8535,50000,10000,0.3621417499962263,0.3784091430568695,0.86862,50000
24,0.3836711029243469,0.86546,0.4358939302444458,0.8503,50000,10000,0.35807016599574126,0.3875883308029175,0.8656,50000
25,0.38321960824966433,0.86564,0.4178321265220642,0.8536,50000,10000,0.3954042920086067,0.36720955156326296,0.8723,50000
26,0.3793256776237488,0.8683,0.4369201552391052,0.8469,50000,10000,0.36863854198600166,0.38444128198623656,0.86346,50000
27,0.37990587728500363,0.8669,0.4287208285331726,0.8498,50000,10000,0.3677434590063058,0.37590939682006835,0.86816,50000
28,0.3794606605148315,0.867,0.4223612797737122,0.8542,50000,10000,0.36411370799760334,0.3697161063194275,0.87158,50000
29,0.37733318941116334,0.86744,0.4242083904266357,0.8525,50000,10000,0.35744225000962615,0.36737993048667905,0.87152,50000
30,0.37792623933792113,0.86774,0.4670102285385132,0.8359,50000,10000,0.35591787498560734,0.41109367387771606,0.85286,50000
